Driver,Stint,Compound,LapStartTime,TyreLife
VER,1.0,SOFT,0 days 01:01:46.277000,1.0
VER,1.0,SOFT,0 days 01:03:19.075000,2.0
VER,1.0,SOFT,0 days 01:05:13.170000,3.0
VER,1.0,SOFT,0 days 01:07:12.786000,4.0
VER,1.0,SOFT,0 days 01:09:13.733000,5.0
VER,1.0,SOFT,0 days 01:11:07.114000,6.0
VER,1.0,SOFT,0 days 01:13:11.163000,7.0
VER,2.0,MEDIUM,0 days 01:14:37.093000,1.0
VER,2.0,MEDIUM,0 days 01:16:18.145000,2.0
VER,2.0,MEDIUM,0 days 01:17:33.709000,3.0
VER,2.0,MEDIUM,0 days 01:18:49.575000,4.0
VER,2.0,MEDIUM,0 days 01:20:05.779000,5.0
VER,2.0,MEDIUM,0 days 01:21:22.213000,6.0
VER,2.0,MEDIUM,0 days 01:22:38.657000,7.0
VER,2.0,MEDIUM,0 days 01:23:55.010000,8.0
VER,2.0,MEDIUM,0 days 01:25:11.478000,9.0
VER,2.0,MEDIUM,0 days 01:26:28.166000,10.0
VER,2.0,MEDIUM,0 days 01:27:45.216000,11.0
VER,2.0,MEDIUM,0 days 01:29:02.067000,12.0
VER,2.0,MEDIUM,0 days 01:30:19.904000,13.0
VER,2.0,MEDIUM,0 days 01:31:37.227000,14.0
VER,2.0,MEDIUM,0 days 01:32:54.711000,15.0
VER,2.0,MEDIUM,0 days 01:34:12.004000,16.0
VER,3.0,SOFT,0 days 01:35:33.521000,8.0
VER,3.0,SOFT,0 days 01:37:15.690000,9.0
VER,3.0,SOFT,0 days 01:38:31.740000,10.0
VER,3.0,SOFT,0 days 01:39:47.885000,11.0
VER,3.0,SOFT,0 days 01:41:03.876000,12.0
VER,3.0,SOFT,0 days 01:42:19.706000,13.0
VER,3.0,SOFT,0 days 01:43:36.076000,14.0
VER,3.0,SOFT,0 days 01:44:52.247000,15.0
VER,3.0,SOFT,0 days 01:46:08.522000,16.0
VER,3.0,SOFT,0 days 01:47:25.043000,17.0
VER,3.0,SOFT,0 days 01:48:42.041000,18.0
VER,3.0,SOFT,0 days 01:49:58.140000,19.0
VER,3.0,SOFT,0 days 01:51:14.616000,20.0
VER,3.0,SOFT,0 days 01:52:30.993000,21.0
VER,3.0,SOFT,0 days 01:53:47.021000,22.0
VER,3.0,SOFT,0 days 01:55:03.341000,23.0
VER,3.0,SOFT,0 days 01:56:19.825000,24.0
VER,3.0,SOFT,0 days 01:57:36.084000,25.0
VER,3.0,SOFT,0 days 01:58:52.417000,26.0
VER,3.0,SOFT,0 days 02:00:08.532000,27.0
VER,3.0,SOFT,0 days 02:01:24.752000,28.0
VER,3.0,SOFT,0 days 02:02:40.945000,29.0
VER,3.0,SOFT,0 days 02:03:58.168000,30.0
VER,3.0,SOFT,0 days 02:05:14.122000,31.0
VER,3.0,SOFT,0 days 02:06:30.432000,32.0
VER,4.0,SOFT,0 days 02:07:50.337000,1.0
VER,4.0,SOFT,0 days 02:09:23.099000,2.0
VER,4.0,SOFT,0 days 02:10:37.808000,3.0
VER,4.0,SOFT,0 days 02:11:52.862000,4.0
VER,4.0,SOFT,0 days 02:13:17.933000,5.0
VER,4.0,SOFT,0 days 02:14:59.358000,6.0
VER,4.0,SOFT,0 days 02:16:41.163000,7.0
VER,4.0,SOFT,0 days 02:18:22.058000,8.0
VER,4.0,SOFT,0 days 02:19:48.679000,9.0
VER,4.0,SOFT,0 days 02:21:43.114000,10.0
VER,4.0,SOFT,0 days 02:23:38.208000,11.0
VER,4.0,SOFT,0 days 02:25:33.393000,12.0
VER,4.0,SOFT,0 days 02:26:50.008000,13.0
VER,4.0,SOFT,0 days 02:28:05.456000,14.0
VER,4.0,SOFT,0 days 02:29:20.761000,15.0
VER,4.0,SOFT,0 days 02:30:35.039000,16.0
VER,4.0,SOFT,0 days 02:31:49.234000,17.0
VER,4.0,SOFT,0 days 02:33:03.518000,18.0
VER,4.0,SOFT,0 days 02:34:18.078000,19.0
VER,4.0,SOFT,0 days 02:35:32.273000,20.0
VER,4.0,SOFT,0 days 02:36:46.901000,21.0
VER,4.0,SOFT,0 days 02:38:01.677000,22.0
VER,4.0,SOFT,0 days 02:39:16.224000,23.0
GAS,1.0,SOFT,0 days 01:01:46.277000,1.0
GAS,1.0,SOFT,0 days 01:03:28.640000,2.0
GAS,1.0,SOFT,0 days 01:05:20.647000,3.0
GAS,1.0,SOFT,0 days 01:07:20.297000,4.0
GAS,1.0,SOFT,0 days 01:09:21.875000,5.0
GAS,1.0,SOFT,0 days 01:11:17.647000,6.0
GAS,1.0,SOFT,0 days 01:13:12.811000,7.0
GAS,1.0,SOFT,0 days 01:14:31.707000,8.0
GAS,1.0,SOFT,0 days 01:15:49.118000,9.0
GAS,1.0,SOFT,0 days 01:17:06.418000,10.0
GAS,1.0,SOFT,0 days 01:18:23.959000,11.0
GAS,1.0,SOFT,0 days 01:19:41.300000,12.0
GAS,1.0,SOFT,0 days 01:20:58.618000,13.0
GAS,1.0,SOFT,0 days 01:22:16.076000,14.0
GAS,1.0,SOFT,0 days 01:23:33.736000,15.0
GAS,1.0,SOFT,0 days 01:24:51.512000,16.0
GAS,1.0,SOFT,0 days 01:26:09.516000,17.0
GAS,1.0,SOFT,0 days 01:27:27.274000,18.0
GAS,1.0,SOFT,0 days 01:28:44.922000,19.0
GAS,2.0,MEDIUM,0 days 01:30:06.614000,1.0
GAS,2.0,MEDIUM,0 days 01:31:41.293000,2.0
GAS,2.0,MEDIUM,0 days 01:32:58.155000,3.0
GAS,2.0,MEDIUM,0 days 01:34:15.396000,4.0
GAS,2.0,MEDIUM,0 days 01:35:32.649000,5.0
GAS,2.0,MEDIUM,0 days 01:36:50.051000,6.0
GAS,2.0,MEDIUM,0 days 01:38:07.443000,7.0
GAS,2.0,MEDIUM,0 days 01:39:24.613000,8.0
GAS,2.0,MEDIUM,0 days 01:40:41.668000,9.0
GAS,2.0,MEDIUM,0 days 01:41:59.636000,10.0
GAS,2.0,MEDIUM,0 days 01:43:17.730000,11.0
GAS,2.0,MEDIUM,0 days 01:44:35.986000,12.0
GAS,2.0,MEDIUM,0 days 01:45:53.654000,13.0
GAS,2.0,MEDIUM,0 days 01:47:11.262000,14.0
GAS,2.0,MEDIUM,0 days 01:48:28.671000,15.0
GAS,2.0,MEDIUM,0 days 01:49:46.437000,16.0
GAS,3.0,SOFT,0 days 01:51:07.633000,6.0
GAS,3.0,SOFT,0 days 01:52:41.477000,7.0
GAS,3.0,SOFT,0 days 01:53:57.736000,8.0
GAS,3.0,SOFT,0 days 01:55:14.342000,9.0
GAS,3.0,SOFT,0 days 01:56:31.065000,10.0
GAS,3.0,SOFT,0 days 01:57:47.861000,11.0
GAS,3.0,SOFT,0 days 01:59:04.558000,12.0
GAS,3.0,SOFT,0 days 02:00:21.206000,13.0
GAS,3.0,SOFT,0 days 02:01:37.726000,14.0
GAS,3.0,SOFT,0 days 02:02:54.334000,15.0
GAS,3.0,SOFT,0 days 02:04:10.875000,16.0
GAS,3.0,SOFT,0 days 02:05:27.872000,17.0
GAS,3.0,SOFT,0 days 02:06:44.670000,18.0
GAS,3.0,SOFT,0 days 02:08:02.119000,19.0
GAS,3.0,SOFT,0 days 02:09:19.396000,20.0
GAS,3.0,SOFT,0 days 02:10:36.138000,21.0
GAS,3.0,SOFT,0 days 02:11:52.946000,22.0
GAS,4.0,MEDIUM,0 days 02:13:21.857000,1.0
GAS,4.0,MEDIUM,0 days 02:15:16.453000,2.0
GAS,4.0,MEDIUM,0 days 02:16:58.751000,3.0
GAS,4.0,MEDIUM,0 days 02:18:39.774000,4.0
GAS,4.0,MEDIUM,0 days 02:20:00.911000,5.0
GAS,4.0,MEDIUM,0 days 02:21:47.380000,6.0
GAS,4.0,MEDIUM,0 days 02:23:41.942000,7.0
GAS,4.0,MEDIUM,0 days 02:25:34.561000,8.0
GAS,4.0,MEDIUM,0 days 02:26:52.547000,9.0
GAS,4.0,MEDIUM,0 days 02:28:10.561000,10.0
GAS,4.0,MEDIUM,0 days 02:29:26.370000,11.0
GAS,4.0,MEDIUM,0 days 02:30:41.731000,12.0
GAS,4.0,MEDIUM,0 days 02:31:57.058000,13.0
GAS,4.0,MEDIUM,0 days 02:33:12.747000,14.0
GAS,4.0,MEDIUM,0 days 02:34:28.942000,15.0
GAS,4.0,MEDIUM,0 days 02:35:44.372000,16.0
GAS,4.0,MEDIUM,0 days 02:37:00.258000,17.0
GAS,4.0,MEDIUM,0 days 02:38:15.955000,18.0
GAS,4.0,MEDIUM,0 days 02:39:31.800000,19.0
PER,1.0,SOFT,0 days 01:01:46.277000,1.0
PER,1.0,SOFT,0 days 01:03:20.114000,2.0
PER,1.0,SOFT,0 days 01:05:14.210000,3.0
PER,1.0,SOFT,0 days 01:07:13.945000,4.0
PER,1.0,SOFT,0 days 01:09:15.752000,5.0
PER,1.0,SOFT,0 days 01:11:10.516000,6.0
PER,1.0,SOFT,0 days 01:13:11.354000,7.0
PER,1.0,SOFT,0 days 01:14:28.282000,8.0
PER,1.0,SOFT,0 days 01:15:44.365000,9.0
PER,1.0,SOFT,0 days 01:17:00.589000,10.0
PER,1.0,SOFT,0 days 01:18:16.809000,11.0
PER,1.0,SOFT,0 days 01:19:32.951000,12.0
PER,1.0,SOFT,0 days 01:20:49.282000,13.0
PER,1.0,SOFT,0 days 01:22:05.801000,14.0
PER,1.0,SOFT,0 days 01:23:22.403000,15.0
PER,1.0,SOFT,0 days 01:24:38.628000,16.0
PER,1.0,SOFT,0 days 01:25:55.191000,17.0
PER,1.0,SOFT,0 days 01:27:11.592000,18.0
PER,1.0,SOFT,0 days 01:28:28.021000,19.0
PER,1.0,SOFT,0 days 01:29:44.710000,20.0
PER,1.0,SOFT,0 days 01:31:01.595000,21.0
PER,1.0,SOFT,0 days 01:32:18.588000,22.0
PER,1.0,SOFT,0 days 01:33:35.673000,23.0
PER,2.0,MEDIUM,0 days 01:34:56.751000,1.0
PER,2.0,MEDIUM,0 days 01:36:30.732000,2.0
PER,2.0,MEDIUM,0 days 01:37:46.571000,3.0
PER,2.0,MEDIUM,0 days 01:39:02.862000,4.0
PER,2.0,MEDIUM,0 days 01:40:18.975000,5.0
PER,2.0,MEDIUM,0 days 01:41:35.105000,6.0
PER,2.0,MEDIUM,0 days 01:42:51.271000,7.0
PER,2.0,MEDIUM,0 days 01:44:07.502000,8.0
PER,2.0,MEDIUM,0 days 01:45:23.831000,9.0
PER,2.0,MEDIUM,0 days 01:46:40.138000,10.0
PER,2.0,MEDIUM,0 days 01:47:56.466000,11.0
PER,2.0,MEDIUM,0 days 01:49:12.828000,12.0
PER,2.0,MEDIUM,0 days 01:50:29.112000,13.0
PER,2.0,MEDIUM,0 days 01:51:45.286000,14.0
PER,2.0,MEDIUM,0 days 01:53:01.546000,15.0
PER,2.0,MEDIUM,0 days 01:54:17.719000,16.0
PER,2.0,MEDIUM,0 days 01:55:34.090000,17.0
PER,2.0,MEDIUM,0 days 01:56:50.718000,18.0
PER,2.0,MEDIUM,0 days 01:58:07.152000,19.0
PER,2.0,MEDIUM,0 days 01:59:23.451000,20.0
PER,2.0,MEDIUM,0 days 02:00:40.022000,21.0
PER,2.0,MEDIUM,0 days 02:01:57.185000,22.0
PER,2.0,MEDIUM,0 days 02:03:14.698000,23.0
PER,2.0,MEDIUM,0 days 02:04:31.741000,24.0
PER,3.0,MEDIUM,0 days 02:05:51.945000,1.0
PER,3.0,MEDIUM,0 days 02:07:24.864000,2.0
PER,3.0,MEDIUM,0 days 02:08:40.094000,3.0
PER,3.0,MEDIUM,0 days 02:09:55.374000,4.0
PER,3.0,MEDIUM,0 days 02:11:10.533000,5.0
PER,3.0,MEDIUM,0 days 02:12:26.012000,6.0
PER,3.0,MEDIUM,0 days 02:14:01.856000,7.0
PER,3.0,MEDIUM,0 days 02:15:42.696000,8.0
PER,3.0,MEDIUM,0 days 02:17:36.198000,9.0
PER,3.0,MEDIUM,0 days 02:19:36.496000,10.0
PER,3.0,MEDIUM,0 days 02:21:33.218000,11.0
PER,3.0,MEDIUM,0 days 02:23:30.004000,12.0
PER,3.0,MEDIUM,0 days 02:25:31.046000,13.0
PER,3.0,MEDIUM,0 days 02:26:46.428000,14.0
PER,3.0,MEDIUM,0 days 02:28:01.339000,15.0
PER,3.0,MEDIUM,0 days 02:29:15.622000,16.0
PER,3.0,MEDIUM,0 days 02:30:31.210000,17.0
PER,3.0,MEDIUM,0 days 02:31:46.871000,18.0
PER,3.0,MEDIUM,0 days 02:33:02.922000,19.0
PER,3.0,MEDIUM,0 days 02:34:17.788000,20.0
PER,3.0,MEDIUM,0 days 02:35:33.503000,21.0
PER,3.0,MEDIUM,0 days 02:36:48.606000,22.0
PER,3.0,MEDIUM,0 days 02:38:03.794000,23.0
PER,3.0,MEDIUM,0 days 02:39:18.836000,24.0
ALO,1.0,MEDIUM,0 days 01:01:46.277000,1.0
ALO,1.0,MEDIUM,0 days 01:03:37.237000,2.0
ALO,1.0,MEDIUM,0 days 01:05:29.776000,3.0
ALO,1.0,MEDIUM,0 days 01:07:26.992000,4.0
ALO,1.0,MEDIUM,0 days 01:09:28.519000,5.0
ALO,1.0,MEDIUM,0 days 01:11:23.766000,6.0
ALO,1.0,MEDIUM,0 days 01:13:14.358000,7.0
ALO,1.0,MEDIUM,0 days 01:14:34.997000,8.0
ALO,1.0,MEDIUM,0 days 01:15:53.184000,9.0
ALO,1.0,MEDIUM,0 days 01:17:10.331000,10.0
ALO,1.0,MEDIUM,0 days 01:18:27.433000,11.0
ALO,1.0,MEDIUM,0 days 01:19:45.059000,12.0
ALO,1.0,MEDIUM,0 days 01:21:02.918000,13.0
ALO,1.0,MEDIUM,0 days 01:22:21.160000,14.0
ALO,2.0,MEDIUM,0 days 01:23:42.711000,1.0
ALO,2.0,MEDIUM,0 days 01:25:16.042000,2.0
ALO,2.0,MEDIUM,0 days 01:26:32.041000,3.0
ALO,2.0,MEDIUM,0 days 01:27:48.522000,4.0
ALO,2.0,MEDIUM,0 days 01:29:05.367000,5.0
ALO,2.0,MEDIUM,0 days 01:30:22.304000,6.0
ALO,2.0,MEDIUM,0 days 01:31:39.510000,7.0
ALO,2.0,MEDIUM,0 days 01:32:56.506000,8.0
ALO,2.0,MEDIUM,0 days 01:34:13.742000,9.0
ALO,2.0,MEDIUM,0 days 01:35:30.985000,10.0
ALO,2.0,MEDIUM,0 days 01:36:48.181000,11.0
ALO,2.0,MEDIUM,0 days 01:38:05.242000,12.0
ALO,2.0,MEDIUM,0 days 01:39:22.390000,13.0
ALO,2.0,MEDIUM,0 days 01:40:39.117000,14.0
ALO,2.0,MEDIUM,0 days 01:41:56.115000,15.0
ALO,2.0,MEDIUM,0 days 01:43:12.959000,16.0
ALO,2.0,MEDIUM,0 days 01:44:29.407000,17.0
ALO,2.0,MEDIUM,0 days 01:45:46.329000,18.0
ALO,2.0,MEDIUM,0 days 01:47:03.326000,19.0
ALO,2.0,MEDIUM,0 days 01:48:20.389000,20.0
ALO,2.0,MEDIUM,0 days 01:49:37.546000,21.0
ALO,3.0,MEDIUM,0 days 01:50:58.568000,1.0
ALO,3.0,MEDIUM,0 days 01:52:37.007000,2.0
ALO,3.0,MEDIUM,0 days 01:53:53.087000,3.0
ALO,3.0,MEDIUM,0 days 01:55:08.931000,4.0
ALO,3.0,MEDIUM,0 days 01:56:24.568000,5.0
ALO,3.0,MEDIUM,0 days 01:57:40.325000,6.0
ALO,3.0,MEDIUM,0 days 01:58:56.695000,7.0
ALO,3.0,MEDIUM,0 days 02:00:12.529000,8.0
ALO,3.0,MEDIUM,0 days 02:01:28.342000,9.0
ALO,3.0,MEDIUM,0 days 02:02:44.499000,10.0
ALO,3.0,MEDIUM,0 days 02:04:00.608000,11.0
ALO,3.0,MEDIUM,0 days 02:05:16.250000,12.0
ALO,3.0,MEDIUM,0 days 02:06:32.237000,13.0
ALO,3.0,MEDIUM,0 days 02:07:48.387000,14.0
ALO,3.0,MEDIUM,0 days 02:09:04.535000,15.0
ALO,3.0,MEDIUM,0 days 02:10:20.570000,16.0
ALO,3.0,MEDIUM,0 days 02:11:36.540000,17.0
ALO,4.0,SOFT,0 days 02:13:01.112000,1.0
ALO,4.0,SOFT,0 days 02:14:55.923000,2.0
ALO,4.0,SOFT,0 days 02:16:38.419000,3.0
ALO,4.0,SOFT,0 days 02:18:19.855000,4.0
ALO,4.0,SOFT,0 days 02:19:47.667000,5.0
ALO,4.0,SOFT,0 days 02:21:42.478000,6.0
ALO,4.0,SOFT,0 days 02:23:37.444000,7.0
ALO,4.0,SOFT,0 days 02:25:33.171000,8.0
ALO,4.0,SOFT,0 days 02:26:48.848000,9.0
ALO,4.0,SOFT,0 days 02:28:03.710000,10.0
ALO,4.0,SOFT,0 days 02:29:17.874000,11.0
ALO,4.0,SOFT,0 days 02:30:32.304000,12.0
ALO,4.0,SOFT,0 days 02:31:47.060000,13.0
ALO,4.0,SOFT,0 days 02:33:01.786000,14.0
ALO,4.0,SOFT,0 days 02:34:16.224000,15.0
ALO,4.0,SOFT,0 days 02:35:30.653000,16.0
ALO,4.0,SOFT,0 days 02:36:45.510000,17.0
ALO,4.0,SOFT,0 days 02:38:00.434000,18.0
ALO,4.0,SOFT,0 days 02:39:15.322000,19.0
LEC,1.0,MEDIUM,0 days 01:01:46.277000,1.0
LEC,1.0,MEDIUM,0 days 01:03:23.888000,2.0
LEC,1.0,MEDIUM,0 days 01:05:17.560000,3.0
LEC,1.0,MEDIUM,0 days 01:07:15.825000,4.0
LEC,1.0,MEDIUM,0 days 01:09:18.148000,5.0
LEC,1.0,MEDIUM,0 days 01:11:13.691000,6.0
LEC,1.0,MEDIUM,0 days 01:13:12.056000,7.0
LEC,2.0,MEDIUM,0 days 01:14:45.236000,1.0
LEC,2.0,MEDIUM,0 days 01:16:24.222000,2.0
LEC,2.0,MEDIUM,0 days 01:17:39.529000,3.0
LEC,2.0,MEDIUM,0 days 01:18:55.254000,4.0
LEC,2.0,MEDIUM,0 days 01:20:11.382000,5.0
LEC,2.0,MEDIUM,0 days 01:21:27.570000,6.0
LEC,2.0,MEDIUM,0 days 01:22:44.095000,7.0
LEC,2.0,MEDIUM,0 days 01:24:00.731000,8.0
LEC,2.0,MEDIUM,0 days 01:25:17.498000,9.0
LEC,2.0,MEDIUM,0 days 01:26:34.258000,10.0
LEC,2.0,MEDIUM,0 days 01:27:51.016000,11.0
LEC,2.0,MEDIUM,0 days 01:29:08.017000,12.0
LEC,2.0,MEDIUM,0 days 01:30:25.109000,13.0
LEC,2.0,MEDIUM,0 days 01:31:42.844000,14.0
LEC,3.0,SOFT,0 days 01:33:03.592000,1.0
LEC,3.0,SOFT,0 days 01:34:37.276000,2.0
LEC,3.0,SOFT,0 days 01:35:53.378000,3.0
LEC,3.0,SOFT,0 days 01:37:10.094000,4.0
LEC,3.0,SOFT,0 days 01:38:26.458000,5.0
LEC,3.0,SOFT,0 days 01:39:42.251000,6.0
LEC,3.0,SOFT,0 days 01:40:58.029000,7.0
LEC,3.0,SOFT,0 days 01:42:14.166000,8.0
LEC,3.0,SOFT,0 days 01:43:30.239000,9.0
LEC,3.0,SOFT,0 days 01:44:46.078000,10.0
LEC,3.0,SOFT,0 days 01:46:02.214000,11.0
LEC,3.0,SOFT,0 days 01:47:18.828000,12.0
LEC,3.0,SOFT,0 days 01:48:35.138000,13.0
LEC,3.0,SOFT,0 days 01:49:52.011000,14.0
LEC,3.0,SOFT,0 days 01:51:08.512000,15.0
LEC,3.0,SOFT,0 days 01:52:24.587000,16.0
LEC,3.0,SOFT,0 days 01:53:40.991000,17.0
LEC,3.0,SOFT,0 days 01:54:57.338000,18.0
LEC,3.0,SOFT,0 days 01:56:14.091000,19.0
LEC,3.0,SOFT,0 days 01:57:30.819000,20.0
LEC,3.0,SOFT,0 days 01:58:47.806000,21.0
LEC,3.0,SOFT,0 days 02:00:04.579000,22.0
LEC,3.0,SOFT,0 days 02:01:21.265000,23.0
LEC,4.0,SOFT,0 days 02:02:41.273000,2.0
LEC,4.0,SOFT,0 days 02:04:13.722000,3.0
LEC,4.0,SOFT,0 days 02:05:29.014000,4.0
LEC,4.0,SOFT,0 days 02:06:44.636000,5.0
LEC,4.0,SOFT,0 days 02:07:59.991000,6.0
LEC,4.0,SOFT,0 days 02:09:14.994000,7.0
LEC,4.0,SOFT,0 days 02:10:30.977000,8.0
LEC,4.0,SOFT,0 days 02:11:45.861000,9.0
LEC,4.0,SOFT,0 days 02:13:09.359000,10.0
LEC,4.0,SOFT,0 days 02:14:50.655000,11.0
LEC,4.0,SOFT,0 days 02:16:33.174000,12.0
LEC,4.0,SOFT,0 days 02:18:14.440000,13.0
LEC,4.0,SOFT,0 days 02:19:42.625000,14.0
LEC,4.0,SOFT,0 days 02:21:39.384000,15.0
LEC,4.0,SOFT,0 days 02:23:33.603000,16.0
LEC,4.0,SOFT,0 days 02:25:32.176000,17.0
LEC,4.0,SOFT,0 days 02:26:47.593000,18.0
LEC,4.0,SOFT,0 days 02:28:02.752000,19.0
LEC,4.0,SOFT,0 days 02:29:17.059000,20.0
LEC,4.0,SOFT,0 days 02:30:31.312000,21.0
LEC,4.0,SOFT,0 days 02:31:45.867000,22.0
LEC,4.0,SOFT,0 days 02:33:00.315000,23.0
LEC,4.0,SOFT,0 days 02:34:14.952000,24.0
LEC,4.0,SOFT,0 days 02:35:29.480000,25.0
LEC,4.0,SOFT,0 days 02:36:44.336000,26.0
LEC,4.0,SOFT,0 days 02:37:59.343000,27.0
LEC,4.0,SOFT,0 days 02:39:14.100000,28.0
STR,1.0,MEDIUM,0 days 01:01:46.277000,2.0
STR,1.0,MEDIUM,0 days 01:03:31.900000,3.0
STR,1.0,MEDIUM,0 days 01:05:23.789000,4.0
STR,1.0,MEDIUM,0 days 01:07:23.166000,5.0
STR,1.0,MEDIUM,0 days 01:09:24.675000,6.0
STR,1.0,MEDIUM,0 days 01:11:20.521000,7.0
STR,1.0,MEDIUM,0 days 01:13:13.644000,8.0
STR,1.0,MEDIUM,0 days 01:14:34.163000,9.0
STR,1.0,MEDIUM,0 days 01:15:51.307000,10.0
STR,1.0,MEDIUM,0 days 01:17:08.504000,11.0
STR,1.0,MEDIUM,0 days 01:18:25.831000,12.0
STR,1.0,MEDIUM,0 days 01:19:43.827000,13.0
STR,1.0,MEDIUM,0 days 01:21:02.088000,14.0
STR,1.0,MEDIUM,0 days 01:22:20.907000,15.0
STR,1.0,MEDIUM,0 days 01:23:39.396000,16.0
STR,1.0,MEDIUM,0 days 01:24:57.127000,17.0
STR,1.0,MEDIUM,0 days 01:26:15.951000,18.0
STR,1.0,MEDIUM,0 days 01:27:33.374000,19.0
STR,1.0,MEDIUM,0 days 01:28:51.286000,20.0
STR,1.0,MEDIUM,0 days 01:30:09.396000,21.0
STR,1.0,MEDIUM,0 days 01:31:27.904000,22.0
STR,1.0,MEDIUM,0 days 01:32:46.193000,23.0
STR,1.0,MEDIUM,0 days 01:34:04.401000,24.0
STR,1.0,MEDIUM,0 days 01:35:22.670000,25.0
STR,1.0,MEDIUM,0 days 01:36:40.939000,26.0
STR,1.0,MEDIUM,0 days 01:37:59.269000,27.0
STR,1.0,MEDIUM,0 days 01:39:17.336000,28.0
STR,1.0,MEDIUM,0 days 01:40:35.462000,29.0
STR,1.0,MEDIUM,0 days 01:41:53.774000,30.0
STR,2.0,MEDIUM,0 days 01:43:16.401000,2.0
STR,2.0,MEDIUM,0 days 01:44:50.882000,3.0
STR,2.0,MEDIUM,0 days 01:46:07.183000,4.0
STR,2.0,MEDIUM,0 days 01:47:24.108000,5.0
STR,2.0,MEDIUM,0 days 01:48:41,6.0
STR,2.0,MEDIUM,0 days 01:49:57.625000,7.0
STR,2.0,MEDIUM,0 days 01:51:14.363000,8.0
STR,2.0,MEDIUM,0 days 01:52:32.149000,9.0
STR,2.0,MEDIUM,0 days 01:53:49.128000,10.0
STR,2.0,MEDIUM,0 days 01:55:06.026000,11.0
STR,2.0,MEDIUM,0 days 01:56:23.127000,12.0
STR,2.0,MEDIUM,0 days 01:57:39.862000,13.0
STR,2.0,MEDIUM,0 days 01:58:56.703000,14.0
STR,2.0,MEDIUM,0 days 02:00:14.043000,15.0
STR,2.0,MEDIUM,0 days 02:01:31.023000,16.0
STR,2.0,MEDIUM,0 days 02:02:48.137000,17.0
STR,2.0,MEDIUM,0 days 02:04:05.101000,18.0
STR,2.0,MEDIUM,0 days 02:05:21.888000,19.0
STR,2.0,MEDIUM,0 days 02:06:40.299000,20.0
STR,3.0,SOFT,0 days 02:08:01.507000,1.0
STR,3.0,SOFT,0 days 02:09:34.919000,2.0
STR,3.0,SOFT,0 days 02:10:49.750000,3.0
STR,3.0,SOFT,0 days 02:12:04.596000,4.0
STR,3.0,SOFT,0 days 02:13:32.747000,5.0
STR,3.0,SOFT,0 days 02:15:14.965000,6.0
STR,3.0,SOFT,0 days 02:16:57.410000,7.0
STR,3.0,SOFT,0 days 02:18:39.313000,8.0
STR,3.0,SOFT,0 days 02:20:00.148000,9.0
STR,3.0,SOFT,0 days 02:21:46.572000,10.0
STR,3.0,SOFT,0 days 02:23:41.381000,11.0
STR,3.0,SOFT,0 days 02:25:34.304000,12.0
STR,3.0,SOFT,0 days 02:26:51.742000,13.0
STR,3.0,SOFT,0 days 02:28:07.815000,14.0
STR,3.0,SOFT,0 days 02:29:23.601000,15.0
STR,3.0,SOFT,0 days 02:30:38.967000,16.0
STR,3.0,SOFT,0 days 02:31:54.498000,17.0
STR,3.0,SOFT,0 days 02:33:09.796000,18.0
STR,3.0,SOFT,0 days 02:34:25.587000,19.0
STR,3.0,SOFT,0 days 02:35:41.338000,20.0
STR,3.0,SOFT,0 days 02:36:57.068000,21.0
STR,3.0,SOFT,0 days 02:38:12.675000,22.0
STR,3.0,SOFT,0 days 02:39:28.388000,23.0
MAG,1.0,MEDIUM,0 days 01:01:46.277000,1.0
TSU,1.0,MEDIUM,0 days 01:01:46.277000,1.0
TSU,1.0,MEDIUM,0 days 01:03:41.432000,2.0
TSU,1.0,MEDIUM,0 days 01:05:32.756000,3.0
TSU,1.0,MEDIUM,0 days 01:07:30.372000,4.0
TSU,1.0,MEDIUM,0 days 01:09:31.431000,5.0
TSU,1.0,MEDIUM,0 days 01:11:26.855000,6.0
TSU,1.0,MEDIUM,0 days 01:13:14.704000,7.0
TSU,1.0,MEDIUM,0 days 01:14:36.157000,8.0
TSU,1.0,MEDIUM,0 days 01:15:54.891000,9.0
TSU,1.0,MEDIUM,0 days 01:17:13.304000,10.0
TSU,1.0,MEDIUM,0 days 01:18:30.849000,11.0
TSU,1.0,MEDIUM,0 days 01:19:48.872000,12.0
TSU,1.0,MEDIUM,0 days 01:21:07.052000,13.0
TSU,1.0,MEDIUM,0 days 01:22:26.279000,14.0
TSU,1.0,MEDIUM,0 days 01:23:44.507000,15.0
TSU,1.0,MEDIUM,0 days 01:25:02.958000,16.0
TSU,1.0,MEDIUM,0 days 01:26:21.265000,17.0
TSU,1.0,MEDIUM,0 days 01:27:39.692000,18.0
TSU,1.0,MEDIUM,0 days 01:28:58.272000,19.0
TSU,1.0,MEDIUM,0 days 01:30:16.789000,20.0
TSU,2.0,SOFT,0 days 01:31:39.171000,1.0
TSU,2.0,SOFT,0 days 01:33:14.122000,2.0
TSU,2.0,SOFT,0 days 01:34:30.847000,3.0
TSU,2.0,SOFT,0 days 01:35:47.746000,4.0
TSU,2.0,SOFT,0 days 01:37:05.126000,5.0
TSU,2.0,SOFT,0 days 01:38:22.415000,6.0
TSU,2.0,SOFT,0 days 01:39:39.620000,7.0
TSU,2.0,SOFT,0 days 01:40:56.741000,8.0
TSU,2.0,SOFT,0 days 01:42:13.848000,9.0
TSU,2.0,SOFT,0 days 01:43:31.906000,10.0
TSU,2.0,SOFT,0 days 01:44:49.140000,11.0
TSU,2.0,SOFT,0 days 01:46:06.459000,12.0
TSU,2.0,SOFT,0 days 01:47:24.071000,13.0
TSU,2.0,SOFT,0 days 01:48:42.116000,14.0
TSU,2.0,SOFT,0 days 01:50:00.333000,15.0
TSU,2.0,SOFT,0 days 01:51:17.796000,16.0
TSU,2.0,SOFT,0 days 01:52:35.581000,17.0
TSU,2.0,SOFT,0 days 01:53:53.174000,18.0
TSU,2.0,SOFT,0 days 01:55:11.403000,19.0
TSU,2.0,SOFT,0 days 01:56:29.044000,20.0
TSU,3.0,SOFT,0 days 01:57:50.285000,1.0
TSU,3.0,SOFT,0 days 01:59:26.890000,2.0
TSU,3.0,SOFT,0 days 02:00:43.528000,3.0
TSU,3.0,SOFT,0 days 02:02:00.043000,4.0
TSU,3.0,SOFT,0 days 02:03:16.840000,5.0
TSU,3.0,SOFT,0 days 02:04:33.658000,6.0
TSU,3.0,SOFT,0 days 02:05:50.380000,7.0
TSU,3.0,SOFT,0 days 02:07:07.030000,8.0
TSU,3.0,SOFT,0 days 02:08:23.861000,9.0
TSU,3.0,SOFT,0 days 02:09:40.636000,10.0
TSU,3.0,SOFT,0 days 02:10:57.030000,11.0
TSU,3.0,SOFT,0 days 02:12:14.965000,12.0
TSU,3.0,SOFT,0 days 02:13:47.308000,13.0
TSU,3.0,SOFT,0 days 02:15:29.974000,14.0
TSU,4.0,MEDIUM,0 days 02:17:31.181000,1.0
TSU,4.0,MEDIUM,0 days 02:19:38.313000,2.0
TSU,4.0,MEDIUM,0 days 02:21:35.616000,3.0
TSU,4.0,MEDIUM,0 days 02:23:30.814000,4.0
TSU,4.0,MEDIUM,0 days 02:25:32.144000,5.0
TSU,4.0,MEDIUM,0 days 02:26:55.476000,6.0
TSU,4.0,MEDIUM,0 days 02:28:12.343000,7.0
TSU,4.0,MEDIUM,0 days 02:29:28.695000,8.0
TSU,4.0,MEDIUM,0 days 02:30:44.504000,9.0
TSU,4.0,MEDIUM,0 days 02:32:00.012000,10.0
TSU,4.0,MEDIUM,0 days 02:33:15.645000,11.0
TSU,4.0,MEDIUM,0 days 02:34:31.644000,12.0
TSU,4.0,MEDIUM,0 days 02:35:47.627000,13.0
TSU,4.0,MEDIUM,0 days 02:37:03.966000,14.0
TSU,4.0,MEDIUM,0 days 02:38:20.063000,15.0
TSU,4.0,MEDIUM,0 days 02:39:36.469000,16.0
ALB,1.0,HARD,0 days 01:01:46.277000,1.0
ALB,1.0,HARD,0 days 01:03:39.272000,2.0
ALB,1.0,HARD,0 days 01:05:31.662000,3.0
ALB,1.0,HARD,0 days 01:07:29.630000,4.0
ALB,2.0,MEDIUM,0 days 01:09:33.684000,1.0
ALB,2.0,MEDIUM,0 days 01:11:28.710000,2.0
ALB,2.0,MEDIUM,0 days 01:13:14.860000,3.0
ALB,2.0,MEDIUM,0 days 01:14:36.281000,4.0
ALB,2.0,MEDIUM,0 days 01:15:55.526000,5.0
ALB,2.0,MEDIUM,0 days 01:17:13.528000,6.0
ALB,2.0,MEDIUM,0 days 01:18:31.416000,7.0
ALB,2.0,MEDIUM,0 days 01:19:49.429000,8.0
ALB,2.0,MEDIUM,0 days 01:21:07.198000,9.0
ALB,2.0,MEDIUM,0 days 01:22:25.695000,10.0
ALB,2.0,MEDIUM,0 days 01:23:43.790000,11.0
ALB,2.0,MEDIUM,0 days 01:25:01.926000,12.0
ALB,2.0,MEDIUM,0 days 01:26:20.033000,13.0
ALB,2.0,MEDIUM,0 days 01:27:38.274000,14.0
ALB,2.0,MEDIUM,0 days 01:28:56.609000,15.0
ALB,2.0,MEDIUM,0 days 01:30:15.143000,16.0
ALB,2.0,MEDIUM,0 days 01:31:33.624000,17.0
ALB,2.0,MEDIUM,0 days 01:32:52.273000,18.0
ALB,2.0,MEDIUM,0 days 01:34:10.908000,19.0
ALB,2.0,MEDIUM,0 days 01:35:29.658000,20.0
ALB,2.0,MEDIUM,0 days 01:36:47.995000,21.0
ALB,3.0,MEDIUM,0 days 01:38:11.050000,1.0
ALB,3.0,MEDIUM,0 days 01:39:45.242000,2.0
ALB,3.0,MEDIUM,0 days 01:41:01.868000,3.0
ALB,3.0,MEDIUM,0 days 01:42:18.642000,4.0
ALB,3.0,MEDIUM,0 days 01:43:35.769000,5.0
ALB,3.0,MEDIUM,0 days 01:44:53.669000,6.0
ALB,3.0,MEDIUM,0 days 01:46:10.890000,7.0
ALB,3.0,MEDIUM,0 days 01:47:28.187000,8.0
ALB,3.0,MEDIUM,0 days 01:48:45.531000,9.0
ALB,3.0,MEDIUM,0 days 01:50:02.947000,10.0
ALB,3.0,MEDIUM,0 days 01:51:20.383000,11.0
ALB,3.0,MEDIUM,0 days 01:52:38.251000,12.0
ALB,3.0,MEDIUM,0 days 01:53:55.639000,13.0
ALB,3.0,MEDIUM,0 days 01:55:13,14.0
ALB,3.0,MEDIUM,0 days 01:56:30.734000,15.0
ALB,3.0,MEDIUM,0 days 01:57:49.075000,16.0
ALB,3.0,MEDIUM,0 days 01:59:06.765000,17.0
ALB,3.0,MEDIUM,0 days 02:00:24.341000,18.0
ALB,3.0,MEDIUM,0 days 02:01:41.890000,19.0
ALB,3.0,MEDIUM,0 days 02:02:59.434000,20.0
ALB,3.0,MEDIUM,0 days 02:04:17.073000,21.0
ALB,3.0,MEDIUM,0 days 02:05:34.869000,22.0
ALB,4.0,MEDIUM,0 days 02:06:57.166000,1.0
ALB,4.0,MEDIUM,0 days 02:08:30.910000,2.0
ALB,4.0,MEDIUM,0 days 02:09:46.523000,3.0
ALB,4.0,MEDIUM,0 days 02:11:02.515000,4.0
ALB,4.0,MEDIUM,0 days 02:12:19.018000,5.0
ALB,4.0,MEDIUM,0 days 02:13:53.803000,6.0
ALB,4.0,MEDIUM,0 days 02:15:35.880000,7.0
ALB,4.0,MEDIUM,0 days 02:17:32.964000,8.0
ALB,4.0,MEDIUM,0 days 02:19:33.380000,9.0
ALB,4.0,MEDIUM,0 days 02:21:29.951000,10.0
ALB,4.0,MEDIUM,0 days 02:22:53.805000,11.0
ALB,4.0,MEDIUM,0 days 02:24:11.485000,12.0
ALB,4.0,MEDIUM,0 days 02:25:34.934000,13.0
ALB,4.0,MEDIUM,0 days 02:26:53.467000,14.0
ALB,4.0,MEDIUM,0 days 02:28:11.694000,15.0
ALB,4.0,MEDIUM,0 days 02:29:28.461000,16.0
ALB,4.0,MEDIUM,0 days 02:30:45.671000,17.0
ALB,4.0,MEDIUM,0 days 02:32:01.949000,18.0
ALB,4.0,MEDIUM,0 days 02:33:18.282000,19.0
ALB,4.0,MEDIUM,0 days 02:34:34.609000,20.0
ALB,4.0,MEDIUM,0 days 02:35:50.739000,21.0
ALB,4.0,MEDIUM,0 days 02:37:06.992000,22.0
ALB,4.0,MEDIUM,0 days 02:38:23.279000,23.0
ALB,4.0,MEDIUM,0 days 02:39:39.852000,24.0
ZHO,1.0,SOFT,0 days 01:01:46.277000,1.0
ZHO,1.0,SOFT,0 days 01:03:33.072000,2.0
ZHO,1.0,SOFT,0 days 01:05:24.965000,3.0
ZHO,1.0,SOFT,0 days 01:07:24.247000,4.0
ZHO,1.0,SOFT,0 days 01:09:26.393000,5.0
ZHO,1.0,SOFT,0 days 01:11:21.620000,6.0
ZHO,1.0,SOFT,0 days 01:13:14.126000,7.0
ZHO,1.0,SOFT,0 days 01:14:35.058000,8.0
ZHO,1.0,SOFT,0 days 01:15:53.770000,9.0
ZHO,1.0,SOFT,0 days 01:17:10.705000,10.0
ZHO,1.0,SOFT,0 days 01:18:27.895000,11.0
ZHO,1.0,SOFT,0 days 01:19:45.500000,12.0
ZHO,1.0,SOFT,0 days 01:21:03.372000,13.0
ZHO,1.0,SOFT,0 days 01:22:21.747000,14.0
ZHO,1.0,SOFT,0 days 01:23:39.889000,15.0
ZHO,1.0,SOFT,0 days 01:24:57.371000,16.0
ZHO,2.0,MEDIUM,0 days 01:26:18.881000,1.0
ZHO,2.0,MEDIUM,0 days 01:27:53.491000,2.0
ZHO,2.0,MEDIUM,0 days 01:29:09.810000,3.0
ZHO,2.0,MEDIUM,0 days 01:30:26.524000,4.0
ZHO,2.0,MEDIUM,0 days 01:31:43.515000,5.0
ZHO,2.0,MEDIUM,0 days 01:33:00.523000,6.0
ZHO,2.0,MEDIUM,0 days 01:34:17.720000,7.0
ZHO,2.0,MEDIUM,0 days 01:35:34.884000,8.0
ZHO,2.0,MEDIUM,0 days 01:36:51.979000,9.0
ZHO,2.0,MEDIUM,0 days 01:38:09.477000,10.0
ZHO,2.0,MEDIUM,0 days 01:39:27.631000,11.0
ZHO,2.0,MEDIUM,0 days 01:40:45.409000,12.0
ZHO,2.0,MEDIUM,0 days 01:42:03.377000,13.0
ZHO,2.0,MEDIUM,0 days 01:43:21.344000,14.0
ZHO,2.0,MEDIUM,0 days 01:44:39.637000,15.0
ZHO,2.0,MEDIUM,0 days 01:45:57.297000,16.0
ZHO,2.0,MEDIUM,0 days 01:47:14.804000,17.0
ZHO,2.0,MEDIUM,0 days 01:48:32.630000,18.0
ZHO,2.0,MEDIUM,0 days 01:49:50.548000,19.0
ZHO,2.0,MEDIUM,0 days 01:51:08.285000,20.0
ZHO,2.0,MEDIUM,0 days 01:52:26.408000,21.0
ZHO,3.0,SOFT,0 days 01:53:47.977000,1.0
ZHO,3.0,SOFT,0 days 01:55:23.338000,2.0
ZHO,3.0,SOFT,0 days 01:56:39.469000,3.0
ZHO,3.0,SOFT,0 days 01:57:55.715000,4.0
ZHO,3.0,SOFT,0 days 01:59:11.834000,5.0
ZHO,3.0,SOFT,0 days 02:00:28.188000,6.0
ZHO,3.0,SOFT,0 days 02:01:44.743000,7.0
ZHO,3.0,SOFT,0 days 02:03:01.296000,8.0
ZHO,3.0,SOFT,0 days 02:04:17.923000,9.0
ZHO,3.0,SOFT,0 days 02:05:36.095000,10.0
ZHO,3.0,SOFT,0 days 02:06:53.837000,11.0
ZHO,3.0,SOFT,0 days 02:08:11.432000,12.0
ZHO,3.0,SOFT,0 days 02:09:28.355000,13.0
ZHO,3.0,SOFT,0 days 02:10:45.367000,14.0
ZHO,3.0,SOFT,0 days 02:12:01.892000,15.0
ZHO,3.0,SOFT,0 days 02:13:31.037000,16.0
ZHO,3.0,SOFT,0 days 02:15:12.124000,17.0
ZHO,3.0,SOFT,0 days 02:16:53.937000,18.0
ZHO,3.0,SOFT,0 days 02:18:35.707000,19.0
ZHO,3.0,SOFT,0 days 02:19:56.827000,20.0
ZHO,3.0,SOFT,0 days 02:21:44.167000,21.0
ZHO,3.0,SOFT,0 days 02:23:39.359000,22.0
ZHO,3.0,SOFT,0 days 02:25:33.819000,23.0
ZHO,3.0,SOFT,0 days 02:26:51.014000,24.0
ZHO,3.0,SOFT,0 days 02:28:07.202000,25.0
ZHO,3.0,SOFT,0 days 02:29:23.400000,26.0
ZHO,3.0,SOFT,0 days 02:30:39.970000,27.0
ZHO,3.0,SOFT,0 days 02:31:55.772000,28.0
ZHO,3.0,SOFT,0 days 02:33:11.709000,29.0
ZHO,3.0,SOFT,0 days 02:34:27.847000,30.0
ZHO,3.0,SOFT,0 days 02:35:44.097000,31.0
ZHO,3.0,SOFT,0 days 02:37:01.075000,32.0
ZHO,3.0,SOFT,0 days 02:38:17.161000,33.0
ZHO,3.0,SOFT,0 days 02:39:33.459000,34.0
RIC,1.0,SOFT,0 days 01:01:46.277000,1.0
OCO,1.0,SOFT,0 days 01:01:46.277000,1.0
OCO,1.0,SOFT,0 days 01:03:34.881000,2.0
OCO,1.0,SOFT,0 days 01:05:26.601000,3.0
OCO,1.0,SOFT,0 days 01:07:25.448000,4.0
OCO,1.0,SOFT,0 days 01:09:27.633000,5.0
OCO,1.0,SOFT,0 days 01:11:22.415000,6.0
OCO,1.0,SOFT,0 days 01:13:14.177000,7.0
OCO,1.0,SOFT,0 days 01:14:34.610000,8.0
OCO,1.0,SOFT,0 days 01:15:52.483000,9.0
OCO,1.0,SOFT,0 days 01:17:09.618000,10.0
OCO,1.0,SOFT,0 days 01:18:26.829000,11.0
OCO,1.0,SOFT,0 days 01:19:44.547000,12.0
OCO,1.0,SOFT,0 days 01:21:02.326000,13.0
OCO,1.0,SOFT,0 days 01:22:19.785000,14.0
OCO,1.0,SOFT,0 days 01:23:37.434000,15.0
OCO,1.0,SOFT,0 days 01:24:54.940000,16.0
OCO,1.0,SOFT,0 days 01:26:12.558000,17.0
OCO,1.0,SOFT,0 days 01:27:30.067000,18.0
OCO,1.0,SOFT,0 days 01:28:47.345000,19.0
OCO,1.0,SOFT,0 days 01:30:04.723000,20.0
OCO,1.0,SOFT,0 days 01:31:22.186000,21.0
OCO,1.0,SOFT,0 days 01:32:39.914000,22.0
OCO,1.0,SOFT,0 days 01:33:57.627000,23.0
OCO,1.0,SOFT,0 days 01:35:15.182000,24.0
OCO,2.0,MEDIUM,0 days 01:36:37.711000,1.0
OCO,2.0,MEDIUM,0 days 01:38:12.258000,2.0
OCO,2.0,MEDIUM,0 days 01:39:28.179000,3.0
OCO,2.0,MEDIUM,0 days 01:40:44.966000,4.0
OCO,2.0,MEDIUM,0 days 01:42:01.337000,5.0
OCO,2.0,MEDIUM,0 days 01:43:17.829000,6.0
OCO,2.0,MEDIUM,0 days 01:44:34.424000,7.0
OCO,2.0,MEDIUM,0 days 01:45:51.148000,8.0
OCO,2.0,MEDIUM,0 days 01:47:08.108000,9.0
OCO,2.0,MEDIUM,0 days 01:48:25.047000,10.0
OCO,2.0,MEDIUM,0 days 01:49:42.012000,11.0
OCO,2.0,MEDIUM,0 days 01:50:59,12.0
OCO,2.0,MEDIUM,0 days 01:52:15.823000,13.0
OCO,2.0,MEDIUM,0 days 01:53:32.786000,14.0
OCO,2.0,MEDIUM,0 days 01:54:49.713000,15.0
OCO,2.0,MEDIUM,0 days 01:56:06.753000,16.0
OCO,2.0,MEDIUM,0 days 01:57:23.859000,17.0
OCO,2.0,MEDIUM,0 days 01:58:41.050000,18.0
OCO,2.0,MEDIUM,0 days 01:59:58.094000,19.0
OCO,2.0,MEDIUM,0 days 02:01:15.329000,20.0
OCO,2.0,MEDIUM,0 days 02:02:32.442000,21.0
OCO,2.0,MEDIUM,0 days 02:03:49.608000,22.0
OCO,2.0,MEDIUM,0 days 02:05:06.454000,23.0
OCO,3.0,SOFT,0 days 02:06:27.439000,4.0
OCO,3.0,SOFT,0 days 02:08:02.038000,5.0
OCO,3.0,SOFT,0 days 02:09:17.364000,6.0
OCO,3.0,SOFT,0 days 02:10:33.125000,7.0
OCO,3.0,SOFT,0 days 02:11:49.018000,8.0
OCO,3.0,SOFT,0 days 02:13:13.136000,9.0
OCO,3.0,SOFT,0 days 02:14:55.152000,10.0
OCO,3.0,SOFT,0 days 02:16:37.806000,11.0
OCO,3.0,SOFT,0 days 02:18:18.869000,12.0
OCO,3.0,SOFT,0 days 02:19:47.077000,13.0
OCO,3.0,SOFT,0 days 02:21:41.406000,14.0
OCO,3.0,SOFT,0 days 02:23:36.150000,15.0
OCO,3.0,SOFT,0 days 02:25:32.535000,16.0
OCO,3.0,SOFT,0 days 02:26:49.003000,17.0
OCO,3.0,SOFT,0 days 02:28:05.238000,18.0
OCO,3.0,SOFT,0 days 02:29:20.677000,19.0
OCO,3.0,SOFT,0 days 02:30:36.323000,20.0
OCO,3.0,SOFT,0 days 02:31:51.605000,21.0
OCO,3.0,SOFT,0 days 02:33:06.698000,22.0
OCO,3.0,SOFT,0 days 02:34:21.867000,23.0
OCO,3.0,SOFT,0 days 02:35:36.975000,24.0
OCO,3.0,SOFT,0 days 02:36:52.293000,25.0
OCO,3.0,SOFT,0 days 02:38:07.753000,26.0
OCO,3.0,SOFT,0 days 02:39:23.384000,27.0
NOR,1.0,SOFT,0 days 01:01:46.277000,1.0
NOR,1.0,SOFT,0 days 01:03:22.947000,2.0
NOR,1.0,SOFT,0 days 01:05:16.731000,3.0
NOR,1.0,SOFT,0 days 01:07:14.924000,4.0
NOR,1.0,SOFT,0 days 01:09:16.378000,5.0
NOR,1.0,SOFT,0 days 01:11:12.747000,6.0
NOR,1.0,SOFT,0 days 01:13:11.866000,7.0
NOR,1.0,SOFT,0 days 01:14:30.156000,8.0
NOR,1.0,SOFT,0 days 01:15:46.878000,9.0
NOR,1.0,SOFT,0 days 01:17:03.785000,10.0
NOR,1.0,SOFT,0 days 01:18:20.527000,11.0
NOR,1.0,SOFT,0 days 01:19:37.511000,12.0
NOR,1.0,SOFT,0 days 01:20:54.768000,13.0
NOR,1.0,SOFT,0 days 01:22:12.276000,14.0
NOR,1.0,SOFT,0 days 01:23:29.819000,15.0
NOR,1.0,SOFT,0 days 01:24:47.864000,16.0
NOR,1.0,SOFT,0 days 01:26:05.704000,17.0
NOR,1.0,SOFT,0 days 01:27:24.452000,18.0
NOR,1.0,SOFT,0 days 01:28:42.370000,19.0
NOR,1.0,SOFT,0 days 01:30:00.236000,20.0
NOR,1.0,SOFT,0 days 01:31:18.236000,21.0
NOR,1.0,SOFT,0 days 01:32:36.383000,22.0
NOR,1.0,SOFT,0 days 01:33:54.661000,23.0
NOR,1.0,SOFT,0 days 01:35:12.721000,24.0
NOR,2.0,MEDIUM,0 days 01:36:34.312000,1.0
NOR,2.0,MEDIUM,0 days 01:38:14.907000,2.0
NOR,2.0,MEDIUM,0 days 01:39:31.655000,3.0
NOR,2.0,MEDIUM,0 days 01:40:48.248000,4.0
NOR,2.0,MEDIUM,0 days 01:42:04.881000,5.0
NOR,2.0,MEDIUM,0 days 01:43:21.606000,6.0
NOR,2.0,MEDIUM,0 days 01:44:38.259000,7.0
NOR,2.0,MEDIUM,0 days 01:45:55.311000,8.0
NOR,2.0,MEDIUM,0 days 01:47:12.640000,9.0
NOR,2.0,MEDIUM,0 days 01:48:29.861000,10.0
NOR,2.0,MEDIUM,0 days 01:49:46.889000,11.0
NOR,2.0,MEDIUM,0 days 01:51:04.402000,12.0
NOR,2.0,MEDIUM,0 days 01:52:21.307000,13.0
NOR,2.0,MEDIUM,0 days 01:53:38.352000,14.0
NOR,2.0,MEDIUM,0 days 01:54:55.700000,15.0
NOR,2.0,MEDIUM,0 days 01:56:12.930000,16.0
NOR,2.0,MEDIUM,0 days 01:57:30.103000,17.0
NOR,2.0,MEDIUM,0 days 01:58:47.277000,18.0
NOR,2.0,MEDIUM,0 days 02:00:04.336000,19.0
NOR,2.0,MEDIUM,0 days 02:01:22.716000,20.0
NOR,2.0,MEDIUM,0 days 02:02:40.477000,21.0
NOR,3.0,SOFT,0 days 02:04:01.639000,7.0
NOR,3.0,SOFT,0 days 02:05:37.082000,8.0
NOR,3.0,SOFT,0 days 02:06:54.019000,9.0
NOR,3.0,SOFT,0 days 02:08:09.874000,10.0
NOR,3.0,SOFT,0 days 02:09:26.014000,11.0
NOR,3.0,SOFT,0 days 02:10:42.093000,12.0
HAM,1.0,SOFT,0 days 01:01:46.277000,1.0
HAM,1.0,SOFT,0 days 01:03:17.344000,2.0
HAM,1.0,SOFT,0 days 01:05:12.092000,3.0
HAM,1.0,SOFT,0 days 01:07:12.539000,4.0
HAM,1.0,SOFT,0 days 01:09:12.236000,5.0
HAM,1.0,SOFT,0 days 01:11:06.275000,6.0
HAM,1.0,SOFT,0 days 01:13:11.040000,7.0
HAM,1.0,SOFT,0 days 01:14:33.172000,8.0
HAM,1.0,SOFT,0 days 01:15:49.974000,9.0
HAM,1.0,SOFT,0 days 01:17:06.376000,10.0
HAM,1.0,SOFT,0 days 01:18:22.157000,11.0
HAM,1.0,SOFT,0 days 01:19:38.675000,12.0
HAM,1.0,SOFT,0 days 01:20:55.722000,13.0
HAM,1.0,SOFT,0 days 01:22:12.894000,14.0
HAM,1.0,SOFT,0 days 01:23:29.842000,15.0
HAM,1.0,SOFT,0 days 01:24:46.577000,16.0
HAM,1.0,SOFT,0 days 01:26:02.931000,17.0
HAM,1.0,SOFT,0 days 01:27:19.337000,18.0
HAM,1.0,SOFT,0 days 01:28:35.724000,19.0
HAM,1.0,SOFT,0 days 01:29:52.063000,20.0
HAM,1.0,SOFT,0 days 01:31:08.371000,21.0
HAM,1.0,SOFT,0 days 01:32:25.351000,22.0
HAM,1.0,SOFT,0 days 01:33:41.969000,23.0
HAM,1.0,SOFT,0 days 01:34:58.828000,24.0
HAM,1.0,SOFT,0 days 01:36:15.382000,25.0
HAM,1.0,SOFT,0 days 01:37:32.318000,26.0
HAM,1.0,SOFT,0 days 01:38:49.152000,27.0
HAM,1.0,SOFT,0 days 01:40:06.111000,28.0
HAM,1.0,SOFT,0 days 01:41:23.154000,29.0
HAM,2.0,MEDIUM,0 days 01:42:44.020000,1.0
HAM,2.0,MEDIUM,0 days 01:44:17.564000,2.0
HAM,2.0,MEDIUM,0 days 01:45:32.611000,3.0
HAM,2.0,MEDIUM,0 days 01:46:48.216000,4.0
HAM,2.0,MEDIUM,0 days 01:48:03.836000,5.0
HAM,2.0,MEDIUM,0 days 01:49:19.349000,6.0
HAM,2.0,MEDIUM,0 days 01:50:35.042000,7.0
HAM,2.0,MEDIUM,0 days 01:51:50.516000,8.0
HAM,2.0,MEDIUM,0 days 01:53:06.191000,9.0
HAM,2.0,MEDIUM,0 days 01:54:21.583000,10.0
HAM,2.0,MEDIUM,0 days 01:55:37.318000,11.0
HAM,2.0,MEDIUM,0 days 01:56:53.178000,12.0
HAM,2.0,MEDIUM,0 days 01:58:09.140000,13.0
HAM,2.0,MEDIUM,0 days 01:59:24.842000,14.0
HAM,2.0,MEDIUM,0 days 02:00:40.508000,15.0
HAM,2.0,MEDIUM,0 days 02:01:57.232000,16.0
HAM,2.0,MEDIUM,0 days 02:03:13.159000,17.0
HAM,2.0,MEDIUM,0 days 02:04:29.189000,18.0
HAM,2.0,MEDIUM,0 days 02:05:45.205000,19.0
HAM,3.0,SOFT,0 days 02:07:04.442000,7.0
HAM,3.0,SOFT,0 days 02:08:36.705000,8.0
HAM,3.0,SOFT,0 days 02:09:50.808000,9.0
HAM,3.0,SOFT,0 days 02:11:05.456000,10.0
HAM,3.0,SOFT,0 days 02:12:20.454000,11.0
HAM,3.0,SOFT,0 days 02:13:55.185000,12.0
HAM,3.0,SOFT,0 days 02:15:38.132000,13.0
HAM,3.0,SOFT,0 days 02:17:34.616000,14.0
HAM,3.0,SOFT,0 days 02:19:34.706000,15.0
HAM,3.0,SOFT,0 days 02:21:31.756000,16.0
HAM,3.0,SOFT,0 days 02:23:29.321000,17.0
HAM,3.0,SOFT,0 days 02:25:30.368000,18.0
HAM,3.0,SOFT,0 days 02:26:45.296000,19.0
HAM,3.0,SOFT,0 days 02:27:59.245000,20.0
HAM,3.0,SOFT,0 days 02:29:13.217000,21.0
HAM,3.0,SOFT,0 days 02:30:27.159000,22.0
HAM,3.0,SOFT,0 days 02:31:41.116000,23.0
HAM,3.0,SOFT,0 days 02:32:55.140000,24.0
HAM,3.0,SOFT,0 days 02:34:09.242000,25.0
HAM,3.0,SOFT,0 days 02:35:23.441000,26.0
HAM,3.0,SOFT,0 days 02:36:37.891000,27.0
HAM,3.0,SOFT,0 days 02:37:52.455000,28.0
HAM,3.0,SOFT,0 days 02:39:07.308000,29.0
MSC,1.0,MEDIUM,0 days 01:01:46.277000,1.0
MSC,1.0,MEDIUM,0 days 01:03:29.826000,2.0
MSC,1.0,MEDIUM,0 days 01:05:21.598000,3.0
MSC,1.0,MEDIUM,0 days 01:07:21.275000,4.0
MSC,1.0,MEDIUM,0 days 01:09:22.728000,5.0
MSC,1.0,MEDIUM,0 days 01:11:18.706000,6.0
MSC,1.0,MEDIUM,0 days 01:13:13.136000,7.0
MSC,1.0,MEDIUM,0 days 01:14:32.444000,8.0
MSC,1.0,MEDIUM,0 days 01:15:49.938000,9.0
MSC,1.0,MEDIUM,0 days 01:17:07.281000,10.0
MSC,1.0,MEDIUM,0 days 01:18:24.510000,11.0
MSC,1.0,MEDIUM,0 days 01:19:41.944000,12.0
MSC,1.0,MEDIUM,0 days 01:20:59.516000,13.0
MSC,1.0,MEDIUM,0 days 01:22:16.938000,14.0
MSC,1.0,MEDIUM,0 days 01:23:34.889000,15.0
MSC,1.0,MEDIUM,0 days 01:24:53,16.0
MSC,1.0,MEDIUM,0 days 01:26:11.086000,17.0
MSC,1.0,MEDIUM,0 days 01:27:29.895000,18.0
MSC,1.0,MEDIUM,0 days 01:28:48.549000,19.0
MSC,1.0,MEDIUM,0 days 01:30:06.981000,20.0
MSC,1.0,MEDIUM,0 days 01:31:25.618000,21.0
MSC,1.0,MEDIUM,0 days 01:32:43.968000,22.0
MSC,1.0,MEDIUM,0 days 01:34:02.499000,23.0
MSC,1.0,MEDIUM,0 days 01:35:20.909000,24.0
MSC,2.0,SOFT,0 days 01:36:43.107000,1.0
MSC,2.0,SOFT,0 days 01:38:18.970000,2.0
MSC,2.0,SOFT,0 days 01:39:35.511000,3.0
MSC,2.0,SOFT,0 days 01:40:52.339000,4.0
MSC,2.0,SOFT,0 days 01:42:08.760000,5.0
MSC,2.0,SOFT,0 days 01:43:26.002000,6.0
MSC,2.0,SOFT,0 days 01:44:43.008000,7.0
MSC,2.0,SOFT,0 days 01:46:00.077000,8.0
MSC,2.0,SOFT,0 days 01:47:17.251000,9.0
MSC,2.0,SOFT,0 days 01:48:34.431000,10.0
MSC,2.0,SOFT,0 days 01:49:51.817000,11.0
MSC,2.0,SOFT,0 days 01:51:09.807000,12.0
MSC,2.0,SOFT,0 days 01:52:26.961000,13.0
MSC,2.0,SOFT,0 days 01:53:44.213000,14.0
MSC,2.0,SOFT,0 days 01:55:01.688000,15.0
MSC,2.0,SOFT,0 days 01:56:18.954000,16.0
MSC,2.0,SOFT,0 days 01:57:35.908000,17.0
MSC,2.0,SOFT,0 days 01:58:53.999000,18.0
MSC,2.0,SOFT,0 days 02:00:11.130000,19.0
MSC,2.0,SOFT,0 days 02:01:28.321000,20.0
MSC,2.0,SOFT,0 days 02:02:46.128000,21.0
MSC,2.0,SOFT,0 days 02:04:03.351000,22.0
MSC,3.0,SOFT,0 days 02:05:24.655000,5.0
MSC,3.0,SOFT,0 days 02:07:01.563000,6.0
MSC,3.0,SOFT,0 days 02:08:17.416000,7.0
MSC,3.0,SOFT,0 days 02:09:32.980000,8.0
MSC,3.0,SOFT,0 days 02:10:48.492000,9.0
MSC,3.0,SOFT,0 days 02:12:03.953000,10.0
MSC,3.0,SOFT,0 days 02:13:32.108000,11.0
MSC,3.0,SOFT,0 days 02:15:14.222000,12.0
MSC,3.0,SOFT,0 days 02:16:56.601000,13.0
MSC,3.0,SOFT,0 days 02:18:38.595000,14.0
MSC,3.0,SOFT,0 days 02:19:59.824000,15.0
MSC,3.0,SOFT,0 days 02:21:45.426000,16.0
MSC,3.0,SOFT,0 days 02:23:40.122000,17.0
MSC,3.0,SOFT,0 days 02:25:33.996000,18.0
MSC,3.0,SOFT,0 days 02:26:52.459000,19.0
MSC,3.0,SOFT,0 days 02:28:10.103000,20.0
MSC,3.0,SOFT,0 days 02:29:25.754000,21.0
MSC,3.0,SOFT,0 days 02:30:41.005000,22.0
MSC,3.0,SOFT,0 days 02:31:56.307000,23.0
MSC,3.0,SOFT,0 days 02:33:12.494000,24.0
MSC,3.0,SOFT,0 days 02:34:29.805000,25.0
MSC,3.0,SOFT,0 days 02:35:45.797000,26.0
MSC,3.0,SOFT,0 days 02:37:01.856000,27.0
MSC,3.0,SOFT,0 days 02:38:17.665000,28.0
MSC,3.0,SOFT,0 days 02:39:34.035000,29.0
VET,1.0,SOFT,0 days 01:01:46.277000,1.0
VET,1.0,SOFT,0 days 01:03:27.915000,2.0
VET,1.0,SOFT,0 days 01:05:19.717000,3.0
VET,1.0,SOFT,0 days 01:07:18.988000,4.0
VET,1.0,SOFT,0 days 01:09:20.920000,5.0
VET,1.0,SOFT,0 days 01:11:16.268000,6.0
VET,1.0,SOFT,0 days 01:13:12.618000,7.0
VET,1.0,SOFT,0 days 01:14:31.021000,8.0
VET,1.0,SOFT,0 days 01:15:48.218000,9.0
VET,1.0,SOFT,0 days 01:17:05.001000,10.0
VET,1.0,SOFT,0 days 01:18:21.736000,11.0
VET,1.0,SOFT,0 days 01:19:38.300000,12.0
VET,1.0,SOFT,0 days 01:20:55.437000,13.0
VET,1.0,SOFT,0 days 01:22:12.755000,14.0
VET,1.0,SOFT,0 days 01:23:30.739000,15.0
VET,1.0,SOFT,0 days 01:24:48.314000,16.0
VET,1.0,SOFT,0 days 01:26:05.967000,17.0
VET,1.0,SOFT,0 days 01:27:23.450000,18.0
VET,1.0,SOFT,0 days 01:28:40.880000,19.0
VET,1.0,SOFT,0 days 01:29:58.468000,20.0
VET,1.0,SOFT,0 days 01:31:15.827000,21.0
VET,1.0,SOFT,0 days 01:32:33.614000,22.0
VET,1.0,SOFT,0 days 01:33:51.171000,23.0
VET,1.0,SOFT,0 days 01:35:08.844000,24.0
VET,1.0,SOFT,0 days 01:36:26.502000,25.0
VET,1.0,SOFT,0 days 01:37:44.930000,26.0
VET,2.0,MEDIUM,0 days 01:39:06.770000,2.0
VET,2.0,MEDIUM,0 days 01:40:42.317000,3.0
VET,2.0,MEDIUM,0 days 01:41:59.669000,4.0
VET,2.0,MEDIUM,0 days 01:43:16.657000,5.0
VET,2.0,MEDIUM,0 days 01:44:33.321000,6.0
VET,2.0,MEDIUM,0 days 01:45:50.035000,7.0
VET,2.0,MEDIUM,0 days 01:47:06.822000,8.0
VET,2.0,MEDIUM,0 days 01:48:23.491000,9.0
VET,2.0,MEDIUM,0 days 01:49:40.606000,10.0
VET,2.0,MEDIUM,0 days 01:50:57.438000,11.0
VET,2.0,MEDIUM,0 days 01:52:14.022000,12.0
VET,2.0,MEDIUM,0 days 01:53:30.791000,13.0
VET,2.0,MEDIUM,0 days 01:54:47.642000,14.0
VET,2.0,MEDIUM,0 days 01:56:04.776000,15.0
VET,2.0,MEDIUM,0 days 01:57:21.729000,16.0
VET,2.0,MEDIUM,0 days 01:58:38.935000,17.0
VET,2.0,MEDIUM,0 days 01:59:56.241000,18.0
VET,2.0,MEDIUM,0 days 02:01:13.332000,19.0
VET,2.0,MEDIUM,0 days 02:02:30.445000,20.0
VET,3.0,MEDIUM,0 days 02:03:51.428000,2.0
VET,3.0,MEDIUM,0 days 02:05:25.763000,3.0
VET,3.0,MEDIUM,0 days 02:06:41.709000,4.0
VET,3.0,MEDIUM,0 days 02:07:58.122000,5.0
VET,3.0,MEDIUM,0 days 02:09:14.276000,6.0
VET,3.0,MEDIUM,0 days 02:10:30.768000,7.0
VET,3.0,MEDIUM,0 days 02:11:47.696000,8.0
VET,3.0,MEDIUM,0 days 02:13:11.261000,9.0
VET,3.0,MEDIUM,0 days 02:14:53.421000,10.0
VET,3.0,MEDIUM,0 days 02:16:35.578000,11.0
VET,3.0,MEDIUM,0 days 02:18:17.348000,12.0
VET,3.0,MEDIUM,0 days 02:19:46.197000,13.0
VET,3.0,MEDIUM,0 days 02:21:40.218000,14.0
VET,3.0,MEDIUM,0 days 02:23:34.777000,15.0
VET,3.0,MEDIUM,0 days 02:25:32.469000,16.0
VET,3.0,MEDIUM,0 days 02:26:50.644000,17.0
VET,3.0,MEDIUM,0 days 02:28:06.742000,18.0
VET,3.0,MEDIUM,0 days 02:29:22.604000,19.0
VET,3.0,MEDIUM,0 days 02:30:38.442000,20.0
VET,3.0,MEDIUM,0 days 02:31:53.991000,21.0
VET,3.0,MEDIUM,0 days 02:33:10.851000,22.0
VET,3.0,MEDIUM,0 days 02:34:26.641000,23.0
VET,3.0,MEDIUM,0 days 02:35:42.695000,24.0
VET,3.0,MEDIUM,0 days 02:36:58.761000,25.0
VET,3.0,MEDIUM,0 days 02:38:14.688000,26.0
VET,3.0,MEDIUM,0 days 02:39:30.540000,27.0
SAI,1.0,MEDIUM,0 days 01:01:46.277000,1.0
SAI,1.0,MEDIUM,0 days 01:03:25.606000,2.0
SAI,1.0,MEDIUM,0 days 01:05:18.313000,3.0
SAI,1.0,MEDIUM,0 days 01:07:17.407000,4.0
SAI,1.0,MEDIUM,0 days 01:09:19.766000,5.0
SAI,1.0,MEDIUM,0 days 01:11:14.788000,6.0
SAI,1.0,MEDIUM,0 days 01:13:12.382000,7.0
SAI,1.0,MEDIUM,0 days 01:14:30.521000,8.0
SAI,1.0,MEDIUM,0 days 01:15:47.076000,9.0
SAI,1.0,MEDIUM,0 days 01:17:02.993000,10.0
SAI,1.0,MEDIUM,0 days 01:18:19.488000,11.0
SAI,1.0,MEDIUM,0 days 01:19:35.932000,12.0
SAI,1.0,MEDIUM,0 days 01:20:52.512000,13.0
SAI,1.0,MEDIUM,0 days 01:22:09.222000,14.0
SAI,1.0,MEDIUM,0 days 01:23:26.051000,15.0
SAI,1.0,MEDIUM,0 days 01:24:42.736000,16.0
SAI,1.0,MEDIUM,0 days 01:25:59.550000,17.0
SAI,2.0,SOFT,0 days 01:27:20.198000,1.0
SAI,2.0,SOFT,0 days 01:28:55.028000,2.0
SAI,2.0,SOFT,0 days 01:30:10.517000,3.0
SAI,2.0,SOFT,0 days 01:31:27.030000,4.0
SAI,2.0,SOFT,0 days 01:32:43.232000,5.0
SAI,2.0,SOFT,0 days 01:33:59.370000,6.0
SAI,2.0,SOFT,0 days 01:35:15.421000,7.0
SAI,2.0,SOFT,0 days 01:36:31.700000,8.0
SAI,2.0,SOFT,0 days 01:37:48.175000,9.0
SAI,2.0,SOFT,0 days 01:39:04.526000,10.0
SAI,2.0,SOFT,0 days 01:40:20.842000,11.0
SAI,2.0,SOFT,0 days 01:41:37.306000,12.0
SAI,2.0,SOFT,0 days 01:42:53.994000,13.0
SAI,2.0,SOFT,0 days 01:44:10.497000,14.0
SAI,2.0,SOFT,0 days 01:45:26.975000,15.0
SAI,2.0,SOFT,0 days 01:46:43.532000,16.0
SAI,2.0,SOFT,0 days 01:47:59.992000,17.0
SAI,2.0,SOFT,0 days 01:49:16.419000,18.0
SAI,2.0,SOFT,0 days 01:50:32.757000,19.0
SAI,3.0,MEDIUM,0 days 01:51:52.782000,1.0
SAI,3.0,MEDIUM,0 days 01:53:25.249000,2.0
SAI,3.0,MEDIUM,0 days 01:54:40.003000,3.0
SAI,3.0,MEDIUM,0 days 01:55:55.028000,4.0
SAI,3.0,MEDIUM,0 days 01:57:10.077000,5.0
SAI,3.0,MEDIUM,0 days 01:58:25.501000,6.0
SAI,3.0,MEDIUM,0 days 01:59:40.668000,7.0
SAI,3.0,MEDIUM,0 days 02:00:55.857000,8.0
SAI,3.0,MEDIUM,0 days 02:02:11.103000,9.0
SAI,3.0,MEDIUM,0 days 02:03:26.513000,10.0
SAI,3.0,MEDIUM,0 days 02:04:42.375000,11.0
SAI,3.0,MEDIUM,0 days 02:05:58.180000,12.0
SAI,3.0,MEDIUM,0 days 02:07:13.767000,13.0
SAI,3.0,MEDIUM,0 days 02:08:29.320000,14.0
SAI,3.0,MEDIUM,0 days 02:09:45.353000,15.0
SAI,3.0,MEDIUM,0 days 02:11:01.145000,16.0
SAI,3.0,MEDIUM,0 days 02:12:17.721000,17.0
SAI,4.0,SOFT,0 days 02:13:53.352000,7.0
SAI,4.0,SOFT,0 days 02:15:47.729000,8.0
SAI,4.0,SOFT,0 days 02:17:38.211000,9.0
SAI,4.0,SOFT,0 days 02:19:37.087000,10.0
SAI,4.0,SOFT,0 days 02:21:34.215000,11.0
SAI,4.0,SOFT,0 days 02:23:31.607000,12.0
SAI,4.0,SOFT,0 days 02:25:31.261000,13.0
SAI,4.0,SOFT,0 days 02:26:46.708000,14.0
SAI,4.0,SOFT,0 days 02:28:01.949000,15.0
SAI,4.0,SOFT,0 days 02:29:15.973000,16.0
SAI,4.0,SOFT,0 days 02:30:29.994000,17.0
SAI,4.0,SOFT,0 days 02:31:44.184000,18.0
SAI,4.0,SOFT,0 days 02:32:58.137000,19.0
SAI,4.0,SOFT,0 days 02:34:12.333000,20.0
SAI,4.0,SOFT,0 days 02:35:26.594000,21.0
SAI,4.0,SOFT,0 days 02:36:41.251000,22.0
SAI,4.0,SOFT,0 days 02:37:55.649000,23.0
SAI,4.0,SOFT,0 days 02:39:10.114000,24.0
LAT,1.0,MEDIUM,0 days 01:01:46.277000,1.0
LAT,1.0,MEDIUM,0 days 01:03:38.147000,2.0
LAT,1.0,MEDIUM,0 days 01:05:30.734000,3.0
LAT,1.0,MEDIUM,0 days 01:07:28.183000,4.0
LAT,1.0,MEDIUM,0 days 01:09:30.631000,5.0
LAT,1.0,MEDIUM,0 days 01:11:25.591000,6.0
LAT,1.0,MEDIUM,0 days 01:13:14.514000,7.0
LAT,1.0,MEDIUM,0 days 01:14:35.701000,8.0
LAT,1.0,MEDIUM,0 days 01:15:54.723000,9.0
LAT,1.0,MEDIUM,0 days 01:17:12.690000,10.0
LAT,1.0,MEDIUM,0 days 01:18:30.460000,11.0
LAT,1.0,MEDIUM,0 days 01:19:48.577000,12.0
LAT,1.0,MEDIUM,0 days 01:21:08.642000,13.0
LAT,1.0,MEDIUM,0 days 01:22:27.607000,14.0
LAT,1.0,MEDIUM,0 days 01:23:46.292000,15.0
LAT,1.0,MEDIUM,0 days 01:25:04.838000,16.0
LAT,1.0,MEDIUM,0 days 01:26:23.627000,17.0
LAT,1.0,MEDIUM,0 days 01:27:42.266000,18.0
LAT,1.0,MEDIUM,0 days 01:29:00.892000,19.0
LAT,1.0,MEDIUM,0 days 01:30:19.973000,20.0
LAT,2.0,HARD,0 days 01:31:43.233000,1.0
LAT,2.0,HARD,0 days 01:33:25.199000,2.0
LAT,2.0,HARD,0 days 01:34:42.540000,3.0
LAT,2.0,HARD,0 days 01:35:59.892000,4.0
LAT,2.0,HARD,0 days 01:37:17.755000,5.0
LAT,2.0,HARD,0 days 01:38:35.675000,6.0
LAT,2.0,HARD,0 days 01:39:53.640000,7.0
LAT,2.0,HARD,0 days 01:41:11.785000,8.0
LAT,2.0,HARD,0 days 01:42:29.806000,9.0
LAT,2.0,HARD,0 days 01:43:48.431000,10.0
LAT,2.0,HARD,0 days 01:45:06.891000,11.0
LAT,2.0,HARD,0 days 01:46:25.045000,12.0
LAT,3.0,MEDIUM,0 days 01:47:47.473000,1.0
LAT,3.0,MEDIUM,0 days 01:49:23.988000,2.0
LAT,3.0,MEDIUM,0 days 01:50:41.274000,3.0
LAT,3.0,MEDIUM,0 days 01:51:58.719000,4.0
LAT,3.0,MEDIUM,0 days 01:53:15.969000,5.0
LAT,3.0,MEDIUM,0 days 01:54:33.411000,6.0
LAT,3.0,MEDIUM,0 days 01:55:50.845000,7.0
LAT,3.0,MEDIUM,0 days 01:57:08.064000,8.0
LAT,3.0,MEDIUM,0 days 01:58:26.877000,9.0
LAT,3.0,MEDIUM,0 days 01:59:44.831000,10.0
LAT,3.0,MEDIUM,0 days 02:01:02.195000,11.0
LAT,3.0,MEDIUM,0 days 02:02:19.883000,12.0
LAT,3.0,MEDIUM,0 days 02:03:37.444000,13.0
LAT,3.0,MEDIUM,0 days 02:04:55.260000,14.0
LAT,3.0,MEDIUM,0 days 02:06:13.022000,15.0
LAT,3.0,MEDIUM,0 days 02:07:30.513000,16.0
LAT,3.0,MEDIUM,0 days 02:08:48.312000,17.0
LAT,3.0,MEDIUM,0 days 02:10:06.074000,18.0
LAT,3.0,MEDIUM,0 days 02:11:23.782000,19.0
LAT,3.0,MEDIUM,0 days 02:12:41.815000,20.0
LAT,4.0,SOFT,0 days 02:14:26.172000,1.0
LAT,4.0,SOFT,0 days 02:16:20.907000,2.0
LAT,4.0,SOFT,0 days 02:18:00.970000,3.0
LAT,4.0,SOFT,0 days 02:19:39.558000,4.0
LAT,4.0,SOFT,0 days 02:21:36.714000,5.0
LAT,4.0,SOFT,0 days 02:23:13.895000,6.0
LAT,4.0,SOFT,0 days 02:24:29.394000,7.0
LAT,4.0,SOFT,0 days 02:25:44.721000,8.0
LAT,4.0,SOFT,0 days 02:27:00.623000,9.0
LAT,4.0,SOFT,0 days 02:28:16.444000,10.0
LAT,4.0,SOFT,0 days 02:29:32.508000,11.0
LAT,4.0,SOFT,0 days 02:30:48.465000,12.0
LAT,4.0,SOFT,0 days 02:32:04.515000,13.0
LAT,4.0,SOFT,0 days 02:33:20.437000,14.0
LAT,4.0,SOFT,0 days 02:34:36.573000,15.0
LAT,4.0,SOFT,0 days 02:35:52.588000,16.0
LAT,4.0,SOFT,0 days 02:37:08.618000,17.0
LAT,4.0,SOFT,0 days 02:38:24.716000,18.0
LAT,4.0,SOFT,0 days 02:39:40.842000,19.0
RUS,1.0,SOFT,0 days 01:01:46.277000,1.0
RUS,1.0,SOFT,0 days 01:03:15.086000,2.0
RUS,1.0,SOFT,0 days 01:05:11.432000,3.0
RUS,1.0,SOFT,0 days 01:07:11.398000,4.0
RUS,1.0,SOFT,0 days 01:09:10.632000,5.0
RUS,1.0,SOFT,0 days 01:11:05.061000,6.0
RUS,1.0,SOFT,0 days 01:13:10.717000,7.0
RUS,1.0,SOFT,0 days 01:14:26.839000,8.0
RUS,1.0,SOFT,0 days 01:15:42.935000,9.0
RUS,1.0,SOFT,0 days 01:16:58.957000,10.0
RUS,1.0,SOFT,0 days 01:18:15.124000,11.0
RUS,1.0,SOFT,0 days 01:19:31.308000,12.0
RUS,1.0,SOFT,0 days 01:20:47.773000,13.0
RUS,1.0,SOFT,0 days 01:22:04.261000,14.0
RUS,1.0,SOFT,0 days 01:23:20.673000,15.0
RUS,1.0,SOFT,0 days 01:24:36.901000,16.0
RUS,1.0,SOFT,0 days 01:25:53.176000,17.0
RUS,1.0,SOFT,0 days 01:27:09.735000,18.0
RUS,1.0,SOFT,0 days 01:28:26.075000,19.0
RUS,1.0,SOFT,0 days 01:29:42.445000,20.0
RUS,1.0,SOFT,0 days 01:30:58.890000,21.0
RUS,1.0,SOFT,0 days 01:32:15.594000,22.0
RUS,1.0,SOFT,0 days 01:33:32.265000,23.0
RUS,1.0,SOFT,0 days 01:34:49.061000,24.0
RUS,2.0,MEDIUM,0 days 01:36:09.163000,1.0
RUS,2.0,MEDIUM,0 days 01:37:42.736000,2.0
RUS,2.0,MEDIUM,0 days 01:38:58.682000,3.0
RUS,2.0,MEDIUM,0 days 01:40:14.775000,4.0
RUS,2.0,MEDIUM,0 days 01:41:30.878000,5.0
RUS,2.0,MEDIUM,0 days 01:42:46.836000,6.0
RUS,2.0,MEDIUM,0 days 01:44:02.830000,7.0
RUS,2.0,MEDIUM,0 days 01:45:18.813000,8.0
RUS,2.0,MEDIUM,0 days 01:46:34.833000,9.0
RUS,2.0,MEDIUM,0 days 01:47:51.029000,10.0
RUS,2.0,MEDIUM,0 days 01:49:07.137000,11.0
RUS,2.0,MEDIUM,0 days 01:50:23.374000,12.0
RUS,2.0,MEDIUM,0 days 01:51:39.427000,13.0
RUS,2.0,MEDIUM,0 days 01:52:55.426000,14.0
RUS,2.0,MEDIUM,0 days 01:54:10.976000,15.0
RUS,2.0,MEDIUM,0 days 01:55:26.786000,16.0
RUS,2.0,MEDIUM,0 days 01:56:42.834000,17.0
RUS,2.0,MEDIUM,0 days 01:57:59.164000,18.0
RUS,2.0,MEDIUM,0 days 01:59:15.304000,19.0
RUS,2.0,MEDIUM,0 days 02:00:31.339000,20.0
RUS,2.0,MEDIUM,0 days 02:01:47.207000,21.0
RUS,2.0,MEDIUM,0 days 02:03:03.242000,22.0
RUS,2.0,MEDIUM,0 days 02:04:19.286000,23.0
RUS,2.0,MEDIUM,0 days 02:05:35.517000,24.0
RUS,2.0,MEDIUM,0 days 02:06:51.229000,25.0
RUS,3.0,SOFT,0 days 02:08:11.165000,10.0
RUS,3.0,SOFT,0 days 02:09:43.452000,11.0
RUS,3.0,SOFT,0 days 02:10:57.448000,12.0
RUS,3.0,SOFT,0 days 02:12:12.647000,13.0
RUS,3.0,SOFT,0 days 02:13:45.164000,14.0
RUS,3.0,SOFT,0 days 02:15:26.651000,15.0
RUS,3.0,SOFT,0 days 02:17:31.703000,16.0
RUS,3.0,SOFT,0 days 02:19:32.269000,17.0
RUS,3.0,SOFT,0 days 02:21:28.177000,18.0
RUS,3.0,SOFT,0 days 02:23:28.389000,19.0
RUS,3.0,SOFT,0 days 02:25:30.052000,20.0
RUS,3.0,SOFT,0 days 02:26:44.385000,21.0
RUS,3.0,SOFT,0 days 02:27:58.170000,22.0
RUS,3.0,SOFT,0 days 02:29:12.051000,23.0
RUS,3.0,SOFT,0 days 02:30:25.967000,24.0
RUS,3.0,SOFT,0 days 02:31:39.806000,25.0
RUS,3.0,SOFT,0 days 02:32:53.863000,26.0
RUS,3.0,SOFT,0 days 02:34:08.008000,27.0
RUS,3.0,SOFT,0 days 02:35:22.322000,28.0
RUS,3.0,SOFT,0 days 02:36:36.702000,29.0
RUS,3.0,SOFT,0 days 02:37:51.162000,30.0
RUS,3.0,SOFT,0 days 02:39:05.677000,31.0
BOT,1.0,SOFT,0 days 01:01:46.277000,1.0
BOT,1.0,SOFT,0 days 01:03:31.181000,2.0
BOT,1.0,SOFT,0 days 01:05:22.674000,3.0
BOT,1.0,SOFT,0 days 01:07:22.234000,4.0
BOT,1.0,SOFT,0 days 01:09:23.853000,5.0
BOT,1.0,SOFT,0 days 01:11:19.746000,6.0
BOT,1.0,SOFT,0 days 01:13:13.327000,7.0
BOT,1.0,SOFT,0 days 01:14:34.439000,8.0
BOT,1.0,SOFT,0 days 01:15:51.867000,9.0
BOT,1.0,SOFT,0 days 01:17:08.881000,10.0
BOT,1.0,SOFT,0 days 01:18:25.969000,11.0
BOT,1.0,SOFT,0 days 01:19:43.860000,12.0
BOT,1.0,SOFT,0 days 01:21:00.941000,13.0
BOT,1.0,SOFT,0 days 01:22:18.530000,14.0
BOT,1.0,SOFT,0 days 01:23:36.197000,15.0
BOT,1.0,SOFT,0 days 01:24:53.557000,16.0
BOT,1.0,SOFT,0 days 01:26:11.160000,17.0
BOT,1.0,SOFT,0 days 01:27:28.412000,18.0
BOT,1.0,SOFT,0 days 01:28:45.789000,19.0
BOT,1.0,SOFT,0 days 01:30:03.192000,20.0
BOT,1.0,SOFT,0 days 01:31:20.596000,21.0
BOT,1.0,SOFT,0 days 01:32:38.430000,22.0
BOT,1.0,SOFT,0 days 01:33:56.200000,23.0
BOT,1.0,SOFT,0 days 01:35:13.525000,24.0
BOT,2.0,MEDIUM,0 days 01:36:35.290000,1.0
BOT,2.0,MEDIUM,0 days 01:38:09.511000,2.0
BOT,2.0,MEDIUM,0 days 01:39:25.271000,3.0
BOT,2.0,MEDIUM,0 days 01:40:41.699000,4.0
BOT,2.0,MEDIUM,0 days 01:41:57.830000,5.0
BOT,2.0,MEDIUM,0 days 01:43:14.801000,6.0
BOT,2.0,MEDIUM,0 days 01:44:31.388000,7.0
BOT,2.0,MEDIUM,0 days 01:45:47.966000,8.0
BOT,2.0,MEDIUM,0 days 01:47:04.575000,9.0
BOT,2.0,MEDIUM,0 days 01:48:21.505000,10.0
BOT,2.0,MEDIUM,0 days 01:49:38.252000,11.0
BOT,2.0,MEDIUM,0 days 01:50:54.764000,12.0
BOT,2.0,MEDIUM,0 days 01:52:11.194000,13.0
BOT,2.0,MEDIUM,0 days 01:53:28.103000,14.0
BOT,2.0,MEDIUM,0 days 01:54:44.886000,15.0
BOT,2.0,MEDIUM,0 days 01:56:01.793000,16.0
BOT,2.0,MEDIUM,0 days 01:57:18.716000,17.0
BOT,2.0,MEDIUM,0 days 01:58:35.911000,18.0
BOT,2.0,MEDIUM,0 days 01:59:53.042000,19.0
BOT,2.0,MEDIUM,0 days 02:01:10.145000,20.0
BOT,2.0,MEDIUM,0 days 02:02:27.122000,21.0
BOT,3.0,SOFT,0 days 02:03:47.884000,1.0
BOT,3.0,SOFT,0 days 02:05:22.394000,2.0
BOT,3.0,SOFT,0 days 02:06:40.166000,3.0
BOT,3.0,SOFT,0 days 02:07:56.209000,4.0
BOT,3.0,SOFT,0 days 02:09:12.801000,5.0
BOT,3.0,SOFT,0 days 02:10:29.147000,6.0
BOT,3.0,SOFT,0 days 02:11:45.183000,7.0
BOT,3.0,SOFT,0 days 02:13:08.806000,8.0
BOT,3.0,SOFT,0 days 02:14:49.946000,9.0
BOT,3.0,SOFT,0 days 02:16:32.020000,10.0
BOT,3.0,SOFT,0 days 02:18:13.558000,11.0
BOT,3.0,SOFT,0 days 02:19:41.281000,12.0
BOT,3.0,SOFT,0 days 02:21:38.026000,13.0
BOT,3.0,SOFT,0 days 02:23:33.068000,14.0
BOT,3.0,SOFT,0 days 02:25:32.030000,15.0
BOT,3.0,SOFT,0 days 02:26:48.591000,16.0
BOT,3.0,SOFT,0 days 02:28:04.855000,17.0
BOT,3.0,SOFT,0 days 02:29:20.366000,18.0
BOT,3.0,SOFT,0 days 02:30:37.177000,19.0
BOT,3.0,SOFT,0 days 02:31:53.062000,20.0
BOT,3.0,SOFT,0 days 02:33:08.679000,21.0
BOT,3.0,SOFT,0 days 02:34:24.266000,22.0
BOT,3.0,SOFT,0 days 02:35:40.127000,23.0
BOT,3.0,SOFT,0 days 02:36:55.711000,24.0
BOT,3.0,SOFT,0 days 02:38:11.385000,25.0
BOT,3.0,SOFT,0 days 02:39:27.141000,26.0
